
{
  "intents": [
    {
      "tag": "admission",
      "questions": [
        "How can I take admission?",
        "What is the admission process?",
        "How to apply for admission?"
      ],
      "answers": [
        "You can apply online through the college admission portal.",
        "Admission is based on merit and entrance examination."
      ]
    },
    {
      "tag": "courses",
      "questions": [
        "What courses are offered?",
        "Which programs are available?"
      ],
      "answers": [
        "We offer BCA, BSc, BCom, BA, and MSc programs."
      ]
    },
    {
      "tag": "fees",
      "questions": [
        "What is the fee structure?",
        "How much are the fees?"
      ],
      "answers": [
        "The annual fee ranges between ₹30,000 to ₹80,000."
      ]
    },
    {
      "tag": "hostel",
      "questions": [
        "Is hostel facility available?",
        "Do you provide hostel?"
      ],
      "answers": [
        "Yes, separate hostel facilities are available for boys and girls."
      ]
    },
    {
      "tag": "contact",
      "questions": [
        "What is the contact number?",
        "How can I contact the college?"
      ],
      "answers": [
        "You can contact us at +91-XXXXXXXXXX or email info@college.edu"
      ]
    }
  ]
}
